<wpml-config>
	<custom-fields>
		<custom-field action="translate">_themetechmount_metabox_group</custom-field>
	</custom-fields>
	<custom-fields-texts>
        <key name="_themetechmount_metabox_group">
			<key name="title" />
			<key name="subtitle " />
			<key name="topbar_left_text" />
			<key name="topbar_right_text" />
			<key name="infostack_phone_text" />
        </key>
    </custom-fields-texts>
	<custom-types>
	<custom-type translate="1">tm_portfolio</custom-type>
	<custom-type translate="1">tm_team_member</custom-type>
	<custom-type translate="1">tm_testimonial</custom-type>
	<custom-type translate="1">tm_client</custom-type>
	<custom-type translate="1">tm_service</custom-type>
	</custom-types>
	<taxonomies>
	<taxonomy translate="1">tm_portfolio_category</taxonomy>
	<taxonomy translate="1">tm_team_group</taxonomy>
	<taxonomy translate="1">tm_testimonial_group</taxonomy>
	<taxonomy translate="1">tm_client_group</taxonomy>
	<taxonomy translate="1">tm_service_category</taxonomy>
	</taxonomies>
	<admin-texts>
		<key name="anomica_theme_options">
			<key name="logotext"/>
			<key name="logoimg">
			<key name="id"/>
			<key name="thumb-url"/>
			<key name="full-url"/>
			</key>
			<key name="logoimg_sticky">
			<key name="id"/>
			<key name="thumb-url"/>
			<key name="full-url"/>
			</key>	
			<key name="topbar_left_text"/>
			<key name="topbar_right_text"/>
			<key name="search_input"/>
			<key name="searchform_title"/>
			<key name="header_text"/>
			<key name="infostack_column_one"/>
			<key name="infostack_column_two"/>
			<key name="infostack_column_three"/>
			<key name="infostack_phone_text"/>
			<key name="adv_tbar_catarc"/>
			<key name="adv_tbar_tagarc"/>
			<key name="adv_tbar_postclassified"/>
			<key name="adv_tbar_authorarc"/>
			<key name="footer_copyright_left"/>
			<key name="footer_copyright_right"/>
			<key name="blog_readmore_text"/>
			<key name="post_social_share_title"/>
			<key name="portfolio_project_details"/>
			<key name="portfolio_related_title"/>
			<key name="pf_details_line">
				<key name="*">
				  <key name="pf_details_line_title"/>
				</key>
			</key>
			<key name="portfolio_social_share_title"/>
			<key name="portfolio_single_top_btn_title"/>
			<key name="portfolio_single_top_btn_link"/>
			<key name="team_extra_details_lines">
				<key name="*">
				  <key name="team_extra_details_line_title"/>
				</key>
			</key>
			<key name="error404_big_text"/>
			<key name="error404_medium_text"/>
			<key name="searchnoresult"/>
			<key name="uconstruction_title"/>
			<key name="uconstruction_html"/>
			<key name="pf_type_title"/>
			<key name="pf_type_title_singular"/>
			<key name="pf_type_slug"/>
			<key name="pf_cat_title"/>
			<key name="pf_cat_title_singular"/>
			<key name="pf_cat_slug"/>
			<key name="team_type_title"/>
			<key name="team_type_title_singular"/>
			<key name="team_type_slug"/>
			<key name="team_group_title"/>
			<key name="team_group_title_singular"/>
			<key name="team_group_slug"/>
		</key>
  </admin-texts>
   <shortcodes>
    <shortcode>
      <tag>tm-custom-heading</tag>
      <attributes>
        <attribute>text</attribute>
        <attribute type="link" encoding="vc_link">link</attribute>
      </attributes>
    </shortcode>
    <shortcode>
	  <tag>tm-servicebox</tag>
      <attributes>
        <attribute>h2</attribute>
        <attribute>h4</attribute>
      </attributes>  
    </shortcode>
    <shortcode>
	  <tag>tm-btn</tag>
      <attributes>
        <attribute>title</attribute>
         <attribute type="link" encoding="vc_link">link</attribute>
      </attributes>  
    </shortcode>
    <shortcode>
   <tag>tm-icon</tag>
      <attributes>
         <attribute type="link" encoding="vc_link">link</attribute>
      </attributes>  
    </shortcode>
    <shortcode>
	  <tag>tm-cta</tag>
      <attributes>
        <attribute>h2</attribute>
        <attribute>h4</attribute>
        <attribute>btn_title</attribute>
         <attribute type="link" encoding="vc_link">btn_link</attribute>
      </attributes>  
    </shortcode>
    <shortcode>
      <tag>tm-heading</tag>
      <attributes>
        <attribute>h2</attribute>
        <attribute>h4</attribute>
        <attribute type="link" encoding="vc_link">h2_link</attribute>
        <attribute type="link" encoding="vc_link">h4_link</attribute>
      </attributes>
    </shortcode>
    <shortcode>
      <tag>tm-progress-bar</tag>
      <attributes>
        <attribute>title</attribute>
      </attributes>
    </shortcode>
  </shortcodes>
  
   <shortcodes>
    <shortcode>
      <tag>tm-blogbox</tag>
      <attributes>
        <attribute>h2</attribute>
        <attribute>h4</attribute>
        <attribute>allword</attribute>
        <attribute type="link" encoding="vc_link">h2_link</attribute>
        <attribute type="link" encoding="vc_link">h4_link</attribute>
      </attributes>
    </shortcode>
    <shortcode>
      <tag>tm-portfoliobox</tag>
      <attributes>
        <attribute>h2</attribute>
        <attribute>h4</attribute>
        <attribute>allword</attribute>
        <attribute type="link" encoding="vc_link">h2_link</attribute>
        <attribute type="link" encoding="vc_link">h4_link</attribute>
      </attributes>
    </shortcode>
    <shortcode>
      <tag>tm-teambox</tag>
      <attributes>
        <attribute>h2</attribute>
        <attribute>h4</attribute>
        <attribute>allword</attribute>
        <attribute type="link" encoding="vc_link">h2_link</attribute>
        <attribute type="link" encoding="vc_link">h4_link</attribute>
      </attributes>
    </shortcode>
	<shortcode>
      <tag>tm-servicesbox</tag>
      <attributes>
        <attribute>h2</attribute>
        <attribute>h4</attribute>
		<attribute>allword</attribute>
        <attribute type="link" encoding="vc_link">h2_link</attribute>
        <attribute type="link" encoding="vc_link">h4_link</attribute>
      </attributes>
    </shortcode>  
    <shortcode>
      <tag>tm-testimonialbox</tag>
      <attributes>
        <attribute>h2</attribute>
        <attribute>h4</attribute>
        <attribute type="link" encoding="vc_link">h2_link</attribute>
        <attribute type="link" encoding="vc_link">h4_link</attribute>
      </attributes>
    </shortcode>  
    <shortcode>
      <tag>tm-clientsbox</tag>
      <attributes>
        <attribute>h2</attribute>
        <attribute>h4</attribute>
        <attribute type="link" encoding="vc_link">h2_link</attribute>
        <attribute type="link" encoding="vc_link">h4_link</attribute>
      </attributes>
    </shortcode>
      <shortcode>
      <tag>tm-eventsbox</tag>
      <attributes>
        <attribute>h2</attribute>
        <attribute>h4</attribute>
        <attribute type="link" encoding="vc_link">h2_link</attribute>
        <attribute type="link" encoding="vc_link">h4_link</attribute>
      </attributes>
    </shortcode>
      <shortcode>
      <tag>tm-facts</tag>
      <attributes>
        <attribute>title</attribute>
        <attribute>before</attribute>
        <attribute>after</attribute>
      </attributes>
    </shortcode> 
    <shortcode>
      <tag>tm-twitterbox</tag>
      <attributes>
        <attribute>followustext</attribute>
      </attributes>
    </shortcode>  
    <shortcode>
      <tag>tm-contactbox</tag>
      <attributes>
        <attribute>phone</attribute>
        <attribute>email</attribute>
        <attribute>website</attribute>
        <attribute>address</attribute>
        <attribute>time</attribute>
      </attributes>
    </shortcode>  
    <shortcode>
      <tag>tm-twitterbox</tag>
      <attributes>
        <attribute>followustext</attribute>
      </attributes>
    </shortcode>
    <shortcode>
      <tag>tm-list</tag>
      <attributes>
        <attribute>line1</attribute>
        <attribute>line2</attribute>
        <attribute>line3</attribute>
        <attribute>line4</attribute>
        <attribute>line5</attribute>
        <attribute>line6</attribute>
        <attribute>line7</attribute>
        <attribute>line8</attribute>
        <attribute>line9</attribute>
        <attribute>line10</attribute>
        <attribute>line11</attribute>
        <attribute>line12</attribute>
        <attribute>line13</attribute>
        <attribute>line14</attribute>
        <attribute>line15</attribute>
        <attribute>line16</attribute>
        <attribute>line17</attribute>
        <attribute>line18</attribute>
        <attribute>line19</attribute>
        <attribute>line20</attribute>
      </attributes>
    </shortcode>
		<shortcode>
	  <tag>tm-socialbox</tag>
	  <attributes>
		<attribute>h2</attribute>
        <attribute>h4</attribute>
        <attribute type="link" encoding="vc_link">h2_link</attribute>
        <attribute type="link" encoding="vc_link">h4_link</attribute>
	  </attributes>
	</shortcode>	
	<shortcode>
	  <tag>tm-pricelistbox</tag>
	  <attributes>
		<attribute>h2</attribute>
        <attribute>h4</attribute>
        <attribute type="link" encoding="vc_link">h2_link</attribute>
        <attribute type="link" encoding="vc_link">h4_link</attribute>
	  </attributes>
	</shortcode>
  </shortcodes>
</wpml-config>